Cluster,Spending Score (1-100)
0,49.51851851851852
1,17.114285714285714
2,20.91304347826087
3,79.36363636363636
4,82.12820512820512
